,name,year,rating,metascore,vots
0,Logan,(2017),8.1,77,597370
1,Thor: Ragnarok,(2017),7.9,74,530713
2,Star Wars: The Last Jedi,(2017),7.0,85,522275
3,Guardians of the Galaxy Vol. 2,(2017),7.6,67,521829
4,Wonder Woman,(2017),7.4,76,514905
5,Dunkirk,(2017),7.9,94,498139
6,Spider-Man: Homecoming,(2017),7.4,73,469580
7,Get Out,(I) (2017),7.7,84,441085
8,It,(I) (2017),7.3,69,418990
9,Blade Runner 2049,(2017),8.0,81,410966
10,Baby Driver,(2017),7.6,86,395275
11,"Three Billboards Outside Ebbing, Missouri",(2017),8.2,88,379214
12,Justice League,(2017),6.4,45,352459
13,The Shape of Water,(2017),7.3,87,335708
14,John Wick: Chapter 2,(2017),7.5,75,329977
15,Coco,(I) (2017),8.4,81,317932
16,Jumanji: Welcome to the Jungle,(2017),6.9,58,283271
17,Beauty and the Beast,(2017),7.1,65,252891
18,Kong: Skull Island,(2017),6.6,62,251870
19,Kingsman: The Golden Circle,(2017),6.7,44,248405
20,Pirates of the Caribbean: Dead Men Tell No Tales,(2017),6.6,39,241876
21,Alien: Covenant,(2017),6.4,65,238189
22,The Greatest Showman,(2017),7.6,48,213391
23,War for the Planet of the Apes,(2017),7.4,82,212582
24,Lady Bird,(2017),7.4,94,199143
25,Life,(I) (2017),6.6,54,191898
26,Murder on the Orient Express,(2017),6.5,52,191355
27,The Fate of the Furious,(2017),6.7,56,190931
28,Ghost in the Shell,(2017),6.3,52,185467
29,Wind River,(2017),7.7,73,183132
30,King Arthur: Legend of the Sword,(2017),6.7,41,178088
31,Call Me by Your Name,(2017),7.9,93,174877
32,Mother!,(2017),6.6,75,172490
33,The Hitman's Bodyguard,(2017),6.9,47,172465
34,The Mummy,(2017),5.4,34,163136
35,Atomic Blonde,(2017),6.7,63,161835
36,"I, Tonya",(2017),7.5,77,157947
37,Bright,(I) (2017),6.3,29,156767
38,Darkest Hour,(2017),7.4,75,151123
39,Valerian and the City of a Thousand Planets,(2017),6.5,51,150276
40,Baywatch,(2017),5.5,37,148354
41,American Made,(2017),7.1,65,144292
42,Transformers: The Last Knight,(2017),5.2,27,126525
